--Movie
INSERT INTO dbo.Movie (Id, Title , Gerne, [Release Date], [IMDB Ulr]) VALUES (1, N'Toy Story', N'NULL Animation, Adventure, Comedy', N'1995-11-22 00:00:00', N'http://www.imdb.com/title/tt0114709/                                                                ')
INSERT INTO dbo.Movie (Id, Title , Gerne, [Release Date], [IMDB Ulr]) VALUES (2, N'Jaws', N' Adventure, Drama, Thriller', N'1975-06-20 00:00:00', N'http://www.imdb.com/title/tt0073195/?ref_=fn_al_tt_1                                                ')
INSERT INTO dbo.Movie (Id, Title , Gerne, [Release Date], [IMDB Ulr]) VALUES (3, N'The Shawshank Redemption', N'Crime, Drama', N'1994-10-14 00:00:00', N'http://www.imdb.com/title/tt0111161/?ref_=nv_sr_1                                                   ')
INSERT INTO dbo.Movie (Id, Title , Gerne, [Release Date], [IMDB Ulr]) VALUES (4, N'Ernest goes to camp', N' Family, Comedy', N'1987-05-22 00:00:00', N'http://www.imdb.com/title/tt0092974/?ref_=nv_sr_1                                                   ')
--Person
INSERT INTO dbo.Person (Id, Occupation, Gender, City, Age) VALUES (1, N'Programmer', N'F', N'Greenville', '22')
INSERT INTO dbo.Person (Id, Occupation, Gender, City, Age) VALUES (2, N'Woodworker', N'M', N'Gastonia', 34)
INSERT INTO dbo.Person (Id, Occupation, Gender, City, Age) VALUES (3, N'Mason', N'M', N'Lexingtion', 55)
INSERT INTO dbo.Person (Id, Occupation, Gender, City, Age) VALUES (4, N'Doctor', N'F', N'Anderson', 54)
INSERT INTO dbo.Person (Id, Occupation, Gender, City, Age) VALUES (5, N'Car Salesman', N'M', N'Greer', 39)
INSERT INTO dbo.Person (Id, Occupation, Gender, City, Age) VALUES (6, N'Construction Worker', N'M', N'Greer', 48)
INSERT INTO dbo.Person (Id, Occupation, Gender, City, Age) VALUES (7, N'Writer', N'F', N'Rock Hll', 41)
INSERT INTO dbo.Person (Id, Occupation, Gender, City, Age) VALUES (8, N'Pipefitter', N'M', N'Fort Mill', 38) 
INSERT INTO dbo.Person (Id, Occupation, Gender, City, Age) VALUES (9, N'Welder', N'M', N'Greenville', 29)
INSERT INTO dbo.Person (Id, Occupation, Gender, City, Age) VALUES (10, N'Insurance Saleswoman', N'F', N'Greer', 33)
--Review
INSERT INTO dbo.Review (Id, Person, Movie, Rating) VALUES (1, 1, 3, 8)
INSERT INTO dbo.Review (Id, Person, Movie, Rating) VALUES (2, 1, 2, 9)
INSERT INTO dbo.Review (Id, Person, Movie, Rating) VALUES (3, 2, 4, 7)
INSERT INTO dbo.Review (Id, Person, Movie, Rating) VALUES (4, 3, 1, 7)
INSERT INTO dbo.Review (Id, Person, Movie, Rating) VALUES (5, 3, 4, 8)
INSERT INTO dbo.Review (Id, Person, Movie, Rating) VALUES (6, 4, 1, 5)
INSERT INTO dbo.Review (Id, Person, Movie, Rating) VALUES (7, 5, 3, 1)
INSERT INTO dbo.Review (Id, Person, Movie, Rating) VALUES (8, 5, 4, 7)
INSERT INTO dbo.Review (Id, Person, Movie, Rating) VALUES (9, 5, 1, 9)
INSERT INTO dbo.Review (Id, Person, Movie, Rating) VALUES (10, 6, 2, 2)
INSERT INTO dbo.Review (Id, Person, Movie, Rating) VALUES (11, 7, 3, 1)
INSERT INTO dbo.Review (Id, Person, Movie, Rating) VALUES (12, 8, 4, 5)
INSERT INTO dbo.Review (Id, Person, Movie, Rating) VALUES (13, 9, 1, 6)
INSERT INTO dbo.Review (Id, Person, Movie, Rating) VALUES (14, 10, 3, 3)